"Key","Issue Type","Parent","Summary","Status","Assignee","Sprint","Start date","Inferred start date","Due date","Inferred due date","Issue color"
"PSS-132","Epic","","Infrastructure & DevOps","In Progress","Layla","","2026/01/19","2026/01/19","2026/04/27","2026/04/27","purple"
"PSS-209","Task","PSS-132","Challenges for PSS","Done","Ray wang","4: HCI & Narrative Integration","","2026/03/02","","2026/03/16","purple"
"PSS-258","Task","PSS-132","Use case diagram","Done","Lucca Zhou","5: Documentation & Maintenance","","2026/03/16","","2026/03/30","purple"
"PSS-233","Task","PSS-132","Add System Architecture Class Diagram to README","Done","Charlotte Yu","5: Documentation & Maintenance","","2026/03/16","","2026/03/30","purple"
"PSS-239","Task","PSS-132","Develop digital wireframes and update Week 3 requirements in README","Done","Charlotte Yu","5: Documentation & Maintenance","","2026/03/16","","2026/03/30","purple"
"PSS-240","Task","PSS-132","Comprehensive README Overhaul (Intro, Requirements, Design, Black-Box Testing)","Done","Charlotte Yu","5: Documentation & Maintenance","","2026/03/16","","2026/03/30","purple"
"PSS-241","Task","PSS-132","Add prototype gif for Requirement in README","Done","Layla","5: Documentation & Maintenance","","2026/03/16","","2026/03/30","purple"
"PSS-242","Task","PSS-132","Add alternative prototype gif for Requirement in README","Done","Layla","5: Documentation & Maintenance","","2026/03/16","","2026/03/30","purple"
"PSS-214","Task","PSS-132","Update README: Add Architectural Challenges & Optimised Gameplay GIFs","Done","Charlotte Yu","4: HCI & Narrative Integration","","2026/03/02","","2026/03/16","purple"
"PSS-215","Task","PSS-132","Evaluation section(two Evaluation part)","Done","Lucca Zhou","4: HCI & Narrative Integration","","2026/03/02","","2026/03/16","purple"
"PSS-46","Task","PSS-132","Requirement Engineering & Design","Done","Charlotte Yu","2: Requirements & Prototyping","","2026/02/02","","2026/02/15","purple"
"PSS-48","Task","PSS-132","Define & Assign Team Roles and Responsibilities","Done","Charlotte Yu","2: Requirements & Prototyping","","2026/02/02","","2026/02/15","purple"
"PSS-39","Story","PSS-132","Deploy Project Showcase Website for Technical Audit","Done","Charlotte Yu","3: Core Dev & Integration","","2026/02/16","","2026/03/02","purple"
"PSS-43","Story","PSS-132","Enhance README Aesthetics and Project Traceability","Done","Charlotte Yu","3: Core Dev & Integration","","2026/02/16","","2026/03/02","purple"
"PSS-31","Story","PSS-132","Global Identity Standardisation for All Core Members","Done","Charlotte Yu","3: Core Dev & Integration","","2026/02/16","","2026/03/02","purple"
"PSS-151","Task","PSS-132","Refactor Week 1 Lab documentation","Done","Charlotte Yu","3: Core Dev & Integration","","2026/02/16","","2026/03/02","purple"
"PSS-137","Task","PSS-132","Initial Game Concept Brainstorming & Evaluation","Done","Charlotte Yu","1: Project Initiation","","2026/01/19","","2026/02/01","purple"
"PSS-138","Task","PSS-132","Multi-Dimensional Selection Process","Done","Charlotte Yu","1: Project Initiation","","2026/01/19","","2026/02/01","purple"
"PSS-227","Task","PSS-132","Update Audio list","Done","Layla","4: HCI & Narrative Integration","","2026/03/02","","2026/03/16","purple"
"PSS-228","Task","PSS-132","Evaluation section(Code Test)","Done","Layla","4: HCI & Narrative Integration","","2026/03/02","","2026/03/16","purple"
"PSS-259","Task","PSS-132","Create stake holder onion model","Done","Charlotte Yu","5: Documentation & Maintenance","","2026/03/16","","2026/03/30","purple"
"PSS-266","Task","PSS-132","Sequence diagram","Done","Layla","5: Documentation & Maintenance","","2026/03/16","","2026/03/30","purple"
"PSS-279","Task","PSS-132","Refine System Logic, UI Polish & Finalize Technical Challenge Video Assets","In Progress","Charlotte Yu","6: Hardening & Deliverables","","2026/03/30","","2026/04/27","purple"
"PSS-133","Epic","","Core Gameplay Mechanics","In Progress","Ray wang","","2026/02/02","2026/02/02","2026/04/27","2026/04/27","green"
"PSS-161","Task","PSS-133","Refactor Ending Logic Flow and Implement Persistent Save/Load System with UI","Done","Charlotte Yu","4: HCI & Narrative Integration","","2026/03/02","","2026/03/16","purple"
"PSS-165","Task","PSS-133","Refactor Game Entry Logic: Multi-stage Difficulty Selection and Input Standardisation","Done","Charlotte Yu","4: HCI & Narrative Integration","","2026/03/02","","2026/03/16","purple"
"PSS-173","Story","PSS-133","Default Access for Character Gallery","Done","Charlotte Yu","4: HCI & Narrative Integration","","2026/03/02","","2026/03/16","purple"
"PSS-244","Story","PSS-133","Core Gameplay, Tutorial Refactoring & System Polish","Done","Charlotte Yu","5: Documentation & Maintenance","","2026/03/16","","2026/03/30","purple"
"PSS-225","Task","PSS-133","Fine-tune Player Movement Mechanics","Done","Ray wang","5: Documentation & Maintenance","","2026/03/16","","2026/03/30","purple"
"PSS-34","Story","PSS-133","level pacing design","Done","Ray wang","5: Documentation & Maintenance","","2026/03/16","","2026/03/30","purple"
"PSS-235","Task","PSS-133","Implementation of Loading Screen and Resource Self-Check","Done","Ray wang","5: Documentation & Maintenance","","2026/03/16","","2026/03/30","purple"
"PSS-175","Task","PSS-133","Implement Forced Drag-and-Drop Tutorial Logic","Done","Charlotte Yu","4: HCI & Narrative Integration","","2026/03/02","","2026/03/16","purple"
"PSS-177","Bug","PSS-133","Fix: Inconsistent Exit Guard & ""Fail-State"" Prevention","Done","Charlotte Yu","4: HCI & Narrative Integration","","2026/03/02","","2026/03/16","purple"
"PSS-178","Task","PSS-133","Contextual Level Tips & Interaction Triggers","Done","Charlotte Yu","4: HCI & Narrative Integration","","2026/03/02","","2026/03/16","purple"
"PSS-179","Task","PSS-133","Level 3 Mutex Logic: Item Mutual Exclusion UI","Done","Charlotte Yu","4: HCI & Narrative Integration","","2026/03/02","","2026/03/16","purple"
"PSS-203","Bug","PSS-133","Fix broken 'Exit' button interaction and missing sub-menu on Failure Screen","Done","Charlotte Yu","4: HCI & Narrative Integration","","2026/03/02","","2026/03/16","purple"
"PSS-218","Bug","PSS-133","Fix main menu keyboard navigation bug","Done","Charlotte Yu","4: HCI & Narrative Integration","","2026/03/02","","2026/03/16","purple"
"PSS-190","Task","PSS-133","Integrate Backpack items into HUD display","Done","Layla","4: HCI & Narrative Integration","","2026/03/02","","2026/03/16","purple"
"PSS-191","Task","PSS-133","Complete the item consumption logic","Done","Layla","4: HCI & Narrative Integration","","2026/03/02","","2026/03/16","purple"
"PSS-36","Story","PSS-133","level camera system","Done","Ray wang","4: HCI & Narrative Integration","","2026/03/02","","2026/03/16","purple"
"PSS-30","Story","PSS-133","Implement Difficulty Level System (Easy / Normal / Hard)","Done","Ray wang","4: HCI & Narrative Integration","","2026/03/02","","2026/03/16","purple"
"PSS-184","Task","PSS-133","Map NPC Item effects to the Running system logic","Done","Ray wang","4: HCI & Narrative Integration","","2026/03/02","","2026/03/16","purple"
"PSS-187","Task","PSS-133","Design and prototype a dedicated Tutorial sequence","Done","Ray wang","4: HCI & Narrative Integration","","2026/03/02","","2026/03/16","purple"
"PSS-204","Task","PSS-133","Achievement Feedback for Difficulty Modes","Done","Ray wang","4: HCI & Narrative Integration","","2026/03/02","","2026/03/16","purple"
"PSS-207","Task","PSS-133","Tutorial Skip Functionality","Done","Ray wang","4: HCI & Narrative Integration","","2026/03/02","","2026/03/16","purple"
"PSS-211","Bug","PSS-133","Fix Frame Sync Issues in Tutorial","Done","Ray wang","4: HCI & Narrative Integration","","2026/03/02","","2026/03/16","purple"
"PSS-41","Task","PSS-133","Implement Item Inventory System","Done","Charlotte Yu","3: Core Dev & Integration","","2026/02/16","","2026/03/02","purple"
"PSS-53","Task","PSS-133","Story Recap Unlock Logic Inconsistency","Done","Charlotte Yu","3: Core Dev & Integration","","2026/02/16","","2026/03/02","purple"
"PSS-51","Story","PSS-133","Integration of Parkour System & UI Interface Polish","Done","Charlotte Yu","3: Core Dev & Integration","","2026/02/16","","2026/03/02","purple"
"PSS-28","Task","PSS-133","Implementation of Room & Inventory Tutorials and Dialog UI Refactoring","Done","Charlotte Yu","3: Core Dev & Integration","","2026/02/16","","2026/03/02","purple"
"PSS-23","Story","PSS-133","Implement Mental Health Warning & End-game Credit Sequence","Done","Charlotte Yu","3: Core Dev & Integration","","2026/02/16","","2026/03/02","purple"
"PSS-32","Story","PSS-133","level design","Done","Ray wang","3: Core Dev & Integration","","2026/02/16","","2026/03/02","purple"
"PSS-35","Story","PSS-133","level feedback layer","Done","Ray wang","3: Core Dev & Integration","","2026/02/16","","2026/03/02","purple"
"PSS-38","Story","PSS-133","chore - resolved merge conflicts between feature branches","Done","Ray wang","3: Core Dev & Integration","","2026/02/16","","2026/03/02","purple"
"PSS-44","Story","PSS-133","Create Level Parameter Configuration System","Done","Ray wang","3: Core Dev & Integration","","2026/02/16","","2026/03/02","purple"
"PSS-33","Story","PSS-133","level difficulty curve system","Done","Ray wang","3: Core Dev & Integration","","2026/02/16","","2026/03/02","purple"
"PSS-224","Task","PSS-133","Endless Mode Leaderboard System","Done","Ray wang","4: HCI & Narrative Integration","","2026/03/02","","2026/03/16","purple"
"PSS-221","Bug","PSS-133","Fix item retrieval issue in the inventory system","Done","Charlotte Yu","4: HCI & Narrative Integration","","2026/03/02","","2026/03/16","purple"
"PSS-260","Task","PSS-133","Modify the dialog box for homeless","Done","Ray wang","5: Documentation & Maintenance","","2026/03/16","","2026/03/30","purple"
"PSS-261","Task","PSS-133","Add a shady transition at end of each level","Done","Ray wang","5: Documentation & Maintenance","","2026/03/16","","2026/03/30","purple"
"PSS-262","Task","PSS-133","Replace the Power-up image with a white-bordered version.","Done","Ray wang","5: Documentation & Maintenance","","2026/03/16","","2026/03/30","purple"
"PSS-263","Task","PSS-133","Modify the illusion coffee","Done","Ray wang","5: Documentation & Maintenance","","2026/03/16","","2026/03/30","purple"
"PSS-264","Task","PSS-133","Adjust parkour road switching sensitivity degrees.","Done","Ray wang","5: Documentation & Maintenance","","2026/03/16","","2026/03/30","purple"
"PSS-267","Story","PSS-133","Implement contextual tutorials for all in-game items","Done","Charlotte Yu","5: Documentation & Maintenance","","2026/03/16","","2026/03/30","purple"
"PSS-269","Task","PSS-133","Optimise Asset Pipeline and Implement Asynchronous Loading UI","Done","Charlotte Yu","5: Documentation & Maintenance","","2026/03/16","","2026/03/30","purple"
"PSS-270","Task","PSS-133","Implementation of Full Screen Toggle and Dynamic Brightness Control","In Progress","Charlotte Yu","6: Hardening & Deliverables","","2026/03/30","","2026/04/27","purple"
"PSS-134","Epic","","Narrative & Logic Integration","In Progress","Charlotte Yu","","2026/02/02","2026/02/02","2026/04/27","2026/04/27","orange"
"PSS-47","Task","PSS-134","Evaluate Proposals & Select Final Game Concept","Done","Charlotte Yu","2: Requirements & Prototyping","","2026/02/02","","2026/02/15","purple"
"PSS-166","Task","PSS-134","Refactor Narrative System to Data-Driven Architecture & Implement Automated Text Chunking","Done","Charlotte Yu","4: HCI & Narrative Integration","","2026/03/02","","2026/03/16","purple"
"PSS-265","Task","PSS-134","refine project website","In Progress","Ray wang","6: Hardening & Deliverables","","2026/03/30","","2026/04/27","purple"
"PSS-176","Task","PSS-134","Narrative Refinement: ""Internal OS"" Persona for Item Descriptions","Done","Charlotte Yu","4: HCI & Narrative Integration","","2026/03/02","","2026/03/16","purple"
"PSS-210","Task","PSS-134","Enhance Narrative Immersion: NPC Item Visuals and Audio Transitions","Done","Charlotte Yu","4: HCI & Narrative Integration","","2026/03/02","","2026/03/16","purple"
"PSS-219","Task","PSS-134","Implement Level 3 narrative, VFX, and audio","Done","Charlotte Yu","4: HCI & Narrative Integration","","2026/03/02","","2026/03/16","purple"
"PSS-144","Task","PSS-134","Design and Implementation of Extensible Narrative and Dialogue Interface","Done","Charlotte Yu","3: Core Dev & Integration","","2026/02/16","","2026/03/02","purple"
"PSS-149","Task","PSS-134","Day 1 story","Done","","","","","","","purple"
"PSS-150","Task","PSS-134","Day 2 story","Done","","","","","","","purple"
"PSS-152","Task","PSS-134","story","Done","","","","","","","purple"
"PSS-220","Task","PSS-134","Implement full story sequence for Day 4","Done","Charlotte Yu","4: HCI & Narrative Integration","","2026/03/02","","2026/03/16","purple"
"PSS-230","Task","PSS-134","Implement Day 5 storyline and polish Day 4 VFX","Done","Charlotte Yu","4: HCI & Narrative Integration","","2026/03/02","","2026/03/16","purple"
"PSS-232","Task","PSS-134","Update Credits content and adjust typography","Done","Charlotte Yu","4: HCI & Narrative Integration","","2026/03/02","","2026/03/16","purple"
"PSS-272","Task","PSS-134","Modify analysis in Evaluation section","Done","Layla","6: Hardening & Deliverables","","2026/03/30","","2026/04/27","purple"
"PSS-271","Task","PSS-134","Modify Lab_8_Evaluation_2","Done","Layla","6: Hardening & Deliverables","","2026/03/30","","2026/04/27","purple"
"PSS-274","Task","PSS-134","Add references to sections 5/6","Done","Layla","6: Hardening & Deliverables","","2026/03/30","","2026/04/27","purple"
"PSS-135","Epic","","Aesthetics & UX/UI & Audio Design","In Progress","Lucca Zhou","","2026/01/26","2026/01/26","2026/04/27","2026/04/27","teal"
"PSS-174","Task","PSS-135","Optimised Player Onboarding: Adaptive Room Guidance & Visual Cues","Done","Charlotte Yu","4: HCI & Narrative Integration","","2026/03/02","","2026/03/16","purple"
"PSS-251","Task","PSS-135","tutorial upload","Done","Lucca Zhou","5: Documentation & Maintenance","","2026/03/16","","2026/03/30","purple"
"PSS-238","Task","PSS-135","Replace the incorrect BGM used in the level5 parkour scene","Done","Layla","5: Documentation & Maintenance","","2026/03/16","","2026/03/30","purple"
"PSS-243","Task","PSS-135","refine hot air ballon background","Done","Lucca Zhou","5: Documentation & Maintenance","","2026/03/16","","2026/03/30","purple"
"PSS-237","Task","PSS-135","thumbnail","Done","Lucca Zhou","5: Documentation & Maintenance","","2026/03/16","","2026/03/30","purple"
"PSS-236","Task","PSS-135","skip button design","Done","Lucca Zhou","5: Documentation & Maintenance","","2026/03/16","","2026/03/30","purple"
"PSS-163","Task","PSS-135","Illustration Art","Done","Lucca Zhou","6: Hardening & Deliverables","","2026/03/30","","2026/04/27","purple"
"PSS-229","Task","PSS-135","Background news report","Done","Lucca Zhou","4: HCI & Narrative Integration","","2026/03/02","","2026/03/16","purple"
"PSS-188","Bug","PSS-135","UI State Transition Flash (Race Condition)","Done","Charlotte Yu","4: HCI & Narrative Integration","","2026/03/02","","2026/03/16","purple"
"PSS-226","Task","PSS-135","update website logos","Done","Lucca Zhou","4: HCI & Narrative Integration","","2026/03/02","","2026/03/16","purple"
"PSS-223","Task","PSS-135","Member photo refine","Done","Lucca Zhou","4: HCI & Narrative Integration","","2026/03/02","","2026/03/16","purple"
"PSS-222","Task","PSS-135","Portrait Art - Lydia","Done","Lucca Zhou","3: Core Dev & Integration","","2026/02/16","","2026/03/02","purple"
"PSS-213","Task","PSS-135","Enhance Tutorial Visibility: Enlarge & Animate Exclamation Cues","Done","Charlotte Yu","4: HCI & Narrative Integration","","2026/03/02","","2026/03/16","purple"
"PSS-217","Task","PSS-135","Refactor inventory item description box","Done","Charlotte Yu","4: HCI & Narrative Integration","","2026/03/02","","2026/03/16","purple"
"PSS-22","Task","PSS-135","Added BGM Manager and fixed playback logic","Done","Layla","4: HCI & Narrative Integration","","2026/03/02","","2026/03/16","purple"
"PSS-25","Task","PSS-135","Expand DayRun collision SFX system","Done","Layla","4: HCI & Narrative Integration","","2026/03/02","","2026/03/16","purple"
"PSS-26","Task","PSS-135","Beautify HUD","Done","Layla","4: HCI & Narrative Integration","","2026/03/02","","2026/03/16","purple"
"PSS-171","Task","PSS-135","Infinite mode time display","Done","Layla","4: HCI & Narrative Integration","","2026/03/02","","2026/03/16","purple"
"PSS-168","Task","PSS-135","Optimize victory notification","Done","Layla","4: HCI & Narrative Integration","","2026/03/02","","2026/03/16","purple"
"PSS-160","Task","PSS-135","Improve Scooter-rider impact effect","Done","Layla","4: HCI & Narrative Integration","","2026/03/02","","2026/03/16","purple"
"PSS-201","Bug","PSS-135","Fixed sfxRoomCLock playback logic","Done","Layla","4: HCI & Narrative Integration","","2026/03/02","","2026/03/16","purple"
"PSS-169","Task","PSS-135","Expand Library SFX","Done","Layla","4: HCI & Narrative Integration","","2026/03/02","","2026/03/16","purple"
"PSS-170","Task","PSS-135","Expand Game settlement sound effects","Done","Layla","4: HCI & Narrative Integration","","2026/03/02","","2026/03/16","purple"
"PSS-197","Bug","PSS-135","Fixed  BGM playback in Tutorial","Done","Layla","4: HCI & Narrative Integration","","2026/03/02","","2026/03/16","purple"
"PSS-212","Task","PSS-135","Adjust font and redesign back button","Done","Lucca Zhou","4: HCI & Narrative Integration","","2026/03/02","","2026/03/16","purple"
"PSS-14","Task","PSS-135","Portrait Art","Done","Lucca Zhou","4: HCI & Narrative Integration","","2026/03/02","","2026/03/16","purple"
"PSS-202","Task","PSS-135","Tutorial Image refine","Done","Lucca Zhou","4: HCI & Narrative Integration","","2026/03/02","","2026/03/16","purple"
"PSS-196","Task","PSS-135","Adjust warning box and menu fonts","Done","Lucca Zhou","4: HCI & Narrative Integration","","2026/03/02","","2026/03/16","purple"
"PSS-167","Task","PSS-135","Dialogue Box refine","Done","Lucca Zhou","4: HCI & Narrative Integration","","2026/03/02","","2026/03/16","purple"
"PSS-183","Task","PSS-135","menu buttons refine","Done","Lucca Zhou","4: HCI & Narrative Integration","","2026/03/02","","2026/03/16","purple"
"PSS-182","Task","PSS-135","Prompt box and menu button refine","Done","Lucca Zhou","4: HCI & Narrative Integration","","2026/03/02","","2026/03/16","purple"
"PSS-172","Task","PSS-135","notice box icon","Done","Lucca Zhou","4: HCI & Narrative Integration","","2026/03/02","","2026/03/16","purple"
"PSS-9","Task","PSS-135","Background Art","Done","Lucca Zhou","4: HCI & Narrative Integration","","2026/03/02","","2026/03/16","purple"
"PSS-10","Task","PSS-135","Obstacles Art","Done","Lucca Zhou","4: HCI & Narrative Integration","2026/02/13","2026/03/02","","2026/03/16","purple"
"PSS-216","Task","PSS-135","bag page bubble refine","Done","Lucca Zhou","4: HCI & Narrative Integration","","2026/03/02","","2026/03/16","purple"
"PSS-181","Task","PSS-135","notice box art","Done","Lucca Zhou","4: HCI & Narrative Integration","","2026/03/02","","2026/03/16","purple"
"PSS-185","Task","PSS-135","Finalise environmental art: Room windows","Done","Ray wang","4: HCI & Narrative Integration","","2026/03/02","","2026/03/16","purple"
"PSS-186","Task","PSS-135","UI Polish: Adjust font size and layout for ""Homeless"" text","Done","Ray wang","4: HCI & Narrative Integration","","2026/03/02","","2026/03/16","purple"
"PSS-42","Task","PSS-135","Main Menu Interface Reconstruction & Input Unification","Done","Charlotte Yu","3: Core Dev & Integration","","2026/02/16","","2026/03/02","purple"
"PSS-49","Story","PSS-135","Refine Level Selection UI and Integrate Day-Specific Metadata","Done","Charlotte Yu","3: Core Dev & Integration","","2026/02/16","","2026/03/02","purple"
"PSS-50","Story","PSS-135","System UI Refactor & Story Recall Implementation","Done","Charlotte Yu","3: Core Dev & Integration","","2026/02/16","","2026/03/02","purple"
"PSS-45","Task","PSS-135","Refine Bedroom (Room) Scene Layout","Done","Charlotte Yu","3: Core Dev & Integration","","2026/02/16","","2026/03/02","purple"
"PSS-40","Task","PSS-135","Optimisation of Rendering Performance and Physics Transitions","Done","Charlotte Yu","3: Core Dev & Integration","","2026/02/16","","2026/03/02","purple"
"PSS-52","Story","PSS-135","Onboarding UX Enhancement & Feedback Polish","Done","Charlotte Yu","3: Core Dev & Integration","","2026/02/16","","2026/03/02","purple"
"PSS-37","Task","PSS-135","UI/UX Refinement, Code Refactoring, and Asset Recovery","Done","Charlotte Yu","3: Core Dev & Integration","","2026/02/16","","2026/03/02","purple"
"PSS-21","Story","PSS-135","UI/UX Integration: Pause System Tutorial and Interaction Bug Fixes","Done","Charlotte Yu","3: Core Dev & Integration","","2026/02/16","","2026/03/02","purple"
"PSS-24","Task","PSS-135","Audio resources collect and upload","Done","Layla","3: Core Dev & Integration","","2026/02/16","","2026/03/02","purple"
"PSS-27","Task","PSS-135","HUD","Done","Layla","3: Core Dev & Integration","","2026/02/16","","2026/03/02","purple"
"PSS-29","Task","PSS-135","Dialogue box","Done","Layla","3: Core Dev & Integration","","2026/02/16","","2026/03/02","purple"
"PSS-157","Task","PSS-135","dialog box icon","Done","Lucca Zhou","3: Core Dev & Integration","","2026/02/16","","2026/03/02","purple"
"PSS-6","Task","PSS-135","Iris Success Icon","Done","Lucca Zhou","3: Core Dev & Integration","","2026/02/16","","2026/03/02","purple"
"PSS-20","Task","PSS-135","Game Power-ups Art Asset","Done","Lucca Zhou","3: Core Dev & Integration","","2026/02/16","","2026/03/02","purple"
"PSS-12","Task","PSS-135","Rain filter code example upload","Done","Lucca Zhou","3: Core Dev & Integration","","2026/02/16","","2026/03/02","purple"
"PSS-8","Task","PSS-135","In-game Background(3 segments): sunny weather","Done","Lucca Zhou","3: Core Dev & Integration","2026/02/11","2026/02/16","","2026/03/02","purple"
"PSS-17","Task","PSS-135","Team Member Photo refine","Done","Lucca Zhou","3: Core Dev & Integration","","2026/02/16","","2026/03/02","purple"
"PSS-7","Task","PSS-135","Game Obstacle Art Asset (level 1)","Done","Lucca Zhou","3: Core Dev & Integration","2026/02/11","2026/02/16","","2026/03/02","purple"
"PSS-18","Story","PSS-135","Spritesheet celebrate","Done","Lucca Zhou","3: Core Dev & Integration","","2026/02/16","","2026/03/02","purple"
"PSS-11","Story","PSS-135","Character Sprite Frames","Done","Lucca Zhou","3: Core Dev & Integration","2026/02/14","2026/02/16","","2026/03/02","purple"
"PSS-16","Task","PSS-135","backpack item art","Done","Lucca Zhou","3: Core Dev & Integration","2026/02/13","2026/02/16","","2026/03/02","purple"
"PSS-13","Task","PSS-135","Background Art Refinement & New Background","Done","Lucca Zhou","3: Core Dev & Integration","2026/02/13","2026/02/16","","2026/03/02","purple"
"PSS-19","Task","PSS-135","Game Character Art Asset","Done","Lucca Zhou","3: Core Dev & Integration","2026/02/12","2026/02/16","","2026/03/02","purple"
"PSS-15","Task","PSS-135","powerup items refine","Done","Lucca Zhou","3: Core Dev & Integration","2026/02/14","2026/02/16","","2026/03/02","purple"
"PSS-231","Task","PSS-135","Integrate dynamic weather backgrounds for the Room scene","Done","Charlotte Yu","4: HCI & Narrative Integration","","2026/03/02","","2026/03/16","purple"
"PSS-252","Story","PSS-135","UI/UX Polish, Contextual Prompts & Menu Bug Fixes","Done","Charlotte Yu","5: Documentation & Maintenance","","2026/03/16","","2026/03/30","purple"
